method,fold,loss
linear_unreg,1,2.939228221066575
linear_unreg,2,2.9970544864579485
linear_unreg,3,2.948631714738447
linear_unreg,4,2.886765916966529
linear_unreg,5,2.8504043059966326
linear_L1reg,1,2.935302640789552
linear_L1reg,2,2.998578488720816
linear_L1reg,3,2.9473811000253938
linear_L1reg,4,2.8877985120298217
linear_L1reg,5,2.8480992536406
mmit,1,3.089854765422153
mmit,2,3.249298839306646
mmit,3,3.0466244827039044
mmit,4,3.03933410842531
mmit,5,3.013332318608205
