method,fold,loss
constant,1,0.0030712358968694
constant,2,0.0021818724723163
constant,3,0.0014257290060627
constant,4,0.0043695691952891
constant,5,0.0080505568783661
linear,1,0.00028613659507463956
linear,2,0.00018660257435062114
linear,3,0.0003020313045865362
linear,4,0.00027000729217555036
linear,5,0.0015312911393233772
