method,fold,loss
linear,1,0.00731250944339557
linear,2,0.004956283743140317
linear,3,0.004437420996646338
linear,4,0.006272164687387749
linear,5,0.006771275879839013
