method,fold,loss
linear,1,0.0124123224285114
linear,2,0.015177144224898149
linear,3,0.005014667999936779
linear,4,0.01390907961108208
linear,5,0.015955578214169503
