method,fold,loss
constant,1,0.0028525841402015
constant,2,0.0031865331513504
constant,3,0.0016590059996598
constant,4,0.0045309834118346
constant,5,0.0030070711366048
linear,1,0.0002430669415916051
linear,2,0.00013828425118405746
linear,3,0.00017802811991558717
linear,4,0.00012019796044785195
linear,5,0.0002738351203069432
