method,fold,loss
linear_unreg,1,2.986216339831468
linear_unreg,2,3.0123219472423117
linear_unreg,3,3.088418776356413
linear_unreg,4,2.833609701914052
linear_unreg,5,2.855918792826519
linear_L1reg,1,2.985985558094199
linear_L1reg,2,3.01196104698172
linear_L1reg,3,3.088207462563356
linear_L1reg,4,2.8335070253866927
linear_L1reg,5,2.85558679955828
mmit,1,3.147863117380327
mmit,2,3.3769844652974697
mmit,3,3.5223356337190284
mmit,4,2.864975854065248
mmit,5,3.097001141261996
