method,fold,loss
linear,1,0.008445791208340193
linear,2,0.0009235679324683619
linear,3,0.02885471785796045
linear,4,0.0031491587676853393
linear,5,0.004364424023448315
