method,fold,loss
constant,1,0.007545654679885
constant,2,0.0014491603890901
constant,3,0.0016834765342373
constant,4,0.0021838041304334
constant,5,0.0035225268250544
linear,1,0.0039870586280348
linear,2,8.984092870302268e-05
linear,3,0.0003974409232742
linear,4,0.0007410172923607
linear,5,0.0011331089047652
knn,1,0.0067409282475093
knn,2,0.0004020795220914
knn,3,5.963008681840195e-05
knn,4,0.0007196440834849
knn,5,0.0014793581904271
