method,fold,loss
linear_unreg,1,3.2250417510910934
linear_unreg,2,3.208118677428091
linear_unreg,3,3.263556597443124
linear_unreg,4,3.1932912392767787
linear_unreg,5,3.0790121717665357
linear_L1reg,1,3.222740064570784
linear_L1reg,2,3.2085150349563456
linear_L1reg,3,3.263546350956365
linear_L1reg,4,3.193769744302071
linear_L1reg,5,3.077534318258051
mmit,1,3.390554610571193
mmit,2,3.198631149642539
mmit,3,3.3524206533620697
mmit,4,3.342758956888334
mmit,5,3.264575362633338
