method,fold,loss
linear_unreg,1,3.0313474223170305
linear_unreg,2,3.591161613174509
linear_unreg,3,2.937465669462143
linear_unreg,4,3.554303061950881
linear_unreg,5,3.5403220334882115
linear_L1reg,1,2.8792118285615347
linear_L1reg,2,3.5749550728577746
linear_L1reg,3,2.878095940656659
linear_L1reg,4,3.384461536864332
linear_L1reg,5,3.4988443587131632
mmit,1,3.061376002560628
mmit,2,3.598906871354981
mmit,3,2.873856374213349
mmit,4,3.401106177969755
mmit,5,3.55799942839081
