method,fold,loss
constant,1,0.0030712358968694
constant,2,0.0021818724723163
constant,3,0.0014257290060627
constant,4,0.0043695691952891
constant,5,0.0080505568783661
linear,1,0.0002861365950746
linear,2,0.0001866025743506
linear,3,0.0003020313045865
linear,4,0.0002700072921755
linear,5,0.0015312911393233
knn,1,0.000275728941981
knn,2,0.0002133916405651
knn,3,0.0004165044073178
knn,4,0.0002936517384678
knn,5,0.0028603157295407
