method,fold,loss
constant,1,0.007545654679885
constant,2,0.0014491603890901
constant,3,0.0016834765342373
constant,4,0.0021838041304334
constant,5,0.0035225268250544
linear,1,0.0039870586280348
linear,2,8.984092870302268e-05
linear,3,0.00039744092327427175
linear,4,0.000741017292360705
linear,5,0.001133108904765212
