method,fold,loss
constant,1,0.0026184677098373
constant,2,0.0020008564105493
constant,3,0.0017875947685204
constant,4,0.0035197381809198
constant,5,0.0025191596218655
linear,1,0.00020744143579880004
linear,2,8.230669987285786e-05
linear,3,7.570476354311172e-05
linear,4,0.00032853635856465755
linear,5,0.00022530760617943128
