method,fold,loss
linear,1,0.008585342469653028
linear,2,0.0077683964651499475
linear,3,0.008333492460615056
linear,4,0.012634187947790863
linear,5,0.00965483639381961
