method,fold,loss
constant,1,0.0015268097647604
constant,2,0.0007617719260885
constant,3,0.0019980271159038
constant,4,0.0030953845579504
constant,5,0.0005279844210114
linear,1,0.0024784820304495597
linear,2,0.00099766571133231
linear,3,0.0014306448915697996
linear,4,0.0019809560289859155
linear,5,0.0003676522153941029
