method,fold,loss
linear_unreg,1,2.530611420054786
linear_unreg,2,2.894305616789359
linear_unreg,3,3.042299027579694
linear_unreg,4,2.849087627474326
linear_unreg,5,2.635538414567712
linear_L1reg,1,2.529474010530344
linear_L1reg,2,2.894215353788621
linear_L1reg,3,3.042299027579694
linear_L1reg,4,2.849089578098902
linear_L1reg,5,2.6354261271332016
mmit,1,2.4607523375720346
mmit,2,2.8835689232752197
mmit,3,3.073060628872037
mmit,4,2.9218200622197457
mmit,5,2.648424423682589
