method,fold,loss
linear,1,0.0017808769875557004
linear,2,0.0017813865294811885
linear,3,0.004359088433174309
linear,4,0.004034533980278906
linear,5,0.0037095888218825293
