method,fold,loss
constant,1,0.0034250652559426
constant,2,0.005439666233638
constant,3,0.0029056115309152
constant,4,0.0033719448217628
constant,5,0.0038364338820619
linear,1,0.0002434023020004386
linear,2,4.91766232405626e-05
linear,3,2.5603819442258586e-06
linear,4,0.0002261927128327458
linear,5,3.280013701318411e-05
