method,fold,loss
linear_unreg,1,3.190968121046128
linear_unreg,2,3.146065672375123
linear_unreg,3,3.2145302858471587
linear_unreg,4,3.2672331566613853
linear_unreg,5,3.296289894466703
linear_L1reg,1,3.19002069114292
linear_L1reg,2,3.1459624326053044
linear_L1reg,3,3.214307846013828
linear_L1reg,4,3.2668955933024098
linear_L1reg,5,3.2960569537380726
mmit,1,3.407751664546344
mmit,2,3.35334270030967
mmit,3,3.3920424755976484
mmit,4,3.3830484426257166
mmit,5,3.424221473606416
