method,fold,loss
constant,1,0.0034250652559426
constant,2,0.005439666233638
constant,3,0.0029056115309152
constant,4,0.0033719448217628
constant,5,0.0038364338820619
linear,1,0.0002434023020004
linear,2,4.91766232405626e-05
linear,3,2.5603819442258586e-06
linear,4,0.0002261927128327
linear,5,3.280013701318411e-05
knn,1,0.0001807075182573
knn,2,0.0006790789281434
knn,3,5.596195730123895e-05
knn,4,0.0005370893786494
knn,5,0.0004715539414584
