method,fold,loss
linear,1,0.009351256678351225
linear,2,0.01347912605959954
linear,3,0.009120003613002003
linear,4,0.014698370623672553
linear,5,0.009487083662386755
