method,fold,loss
linear,1,0.010762339901757564
linear,2,0.011289280801597293
linear,3,0.0035636531663952005
linear,4,0.01021249275157826
linear,5,0.010087579838951071
