method,fold,loss
constant,1,0.0082914627825346
constant,2,0.0078354315358186
constant,3,0.0036407317269779
constant,4,0.0069767547339084
constant,5,0.0081649201153116
linear,1,0.006520878938706601
linear,2,0.007712291971015133
linear,3,0.0046149896467706205
linear,4,0.006338042603401839
linear,5,0.006321396356069259
