method,fold,loss
linear_unreg,1,3.1139736480101603
linear_unreg,2,2.9363414912624424
linear_unreg,3,3.0461057767034125
linear_unreg,4,3.0201219110409063
linear_unreg,5,3.2172340555531385
linear_L1reg,1,3.112547544756004
linear_L1reg,2,2.9215606567020997
linear_L1reg,3,3.045531830556272
linear_L1reg,4,3.019399852077344
linear_L1reg,5,3.2171407961256278
mmit,1,3.20757905944534
mmit,2,2.9499247723918245
mmit,3,3.106215744379135
mmit,4,3.0691862087013453
mmit,5,3.293588489269977
