method,fold,loss
constant,1,0.0010521263424409
constant,2,0.0004265305163172
constant,3,0.0008816365874053
constant,4,0.0006968345860388
constant,5,0.0001899443631587
linear,1,0.0010905724335095993
linear,2,0.0006137072515458884
linear,3,0.0008733203397531779
linear,4,0.000698942573148343
linear,5,0.00016170795276964665
