method,fold,loss
linear_unreg,1,2.843599995866152
linear_unreg,2,3.016334133270209
linear_unreg,3,3.010658803717224
linear_unreg,4,2.9132065430171554
linear_unreg,5,3.1232169262576965
linear_L1reg,1,2.8432319669843773
linear_L1reg,2,3.016128510900012
linear_L1reg,3,3.0104978725402747
linear_L1reg,4,2.9127735613186005
linear_L1reg,5,3.1231447510850785
mmit,1,2.8938965091219018
mmit,2,3.048450147659357
mmit,3,3.0456267082856363
mmit,4,2.9748883380805062
mmit,5,3.1682547186426464
