method,fold,loss
linear,1,0.0008387190789382873
linear,2,0.000599888188724828
linear,3,0.0009761831541071338
linear,4,0.0008720740757700214
linear,5,0.00024340926535526542
