method,fold,loss
constant,1,0.0218554405910303
constant,2,0.02280333623174
constant,3,0.0141811874528257
constant,4,0.0186683321829011
constant,5,0.0194393639296718
linear,1,0.010986060161735107
linear,2,0.008924282066647285
linear,3,0.006279956880220614
linear,4,0.009129175558164898
linear,5,0.010342937467831161
