method,fold,loss
linear_unreg,1,3.3574292149608875
linear_unreg,2,3.3897810671223847
linear_unreg,3,3.448502219386174
linear_unreg,4,3.31327411316891
linear_unreg,5,3.6096008320844977
linear_L1reg,1,3.3566443069431413
linear_L1reg,2,3.388900359886633
linear_L1reg,3,3.44775845899222
linear_L1reg,4,3.311526564470087
linear_L1reg,5,3.608614527437009
mmit,1,3.761251839951398
mmit,2,5.717647408729
mmit,3,3.588166549646021
mmit,4,3.5687325264240517
mmit,5,3.687535463129056
