method,fold,loss
linear,1,0.0385282729052405
linear,2,0.03427191935939142
linear,3,0.028736870570462262
linear,4,0.035591083361434815
linear,5,0.04348635326606504
