method,fold,loss
linear,1,0.04668020083601996
linear,2,0.028532596444436932
linear,3,0.029041145054734627
linear,4,0.038393318693133095
linear,5,0.062169235405614504
