method,fold,loss
linear_unreg,1,3.4592742566558825
linear_unreg,2,3.033366339028444
linear_unreg,3,3.243086091192336
linear_unreg,4,3.314429967960469
linear_unreg,5,3.405025744701506
linear_L1reg,1,3.459274256655882
linear_L1reg,2,3.03191286435732
linear_L1reg,3,3.24295604779094
linear_L1reg,4,3.314797330181232
linear_L1reg,5,3.398736209385451
mmit,1,3.5560431729922355
mmit,2,3.208115336082162
mmit,3,3.373291632173378
mmit,4,3.526633493257254
mmit,5,3.557361718451651
