method,fold,loss
constant,1,0.0141156294248675
constant,2,0.0127073452755142
constant,3,0.0073120484441988
constant,4,0.0160874697390239
constant,5,0.024127088196287
linear,1,0.0006806412737496574
linear,2,0.0014616599240269562
linear,3,0.00010551639216667908
linear,4,0.0005781927888214301
linear,5,0.00038657629704765245
