method,fold,loss
linear,1,0.00202670026692235
linear,2,0.005549213349771461
linear,3,0.00349868426170303
linear,4,0.0028333635540781547
linear,5,0.012747728423716036
