method,fold,loss
linear_unreg,1,3.6905602747105606
linear_unreg,2,3.625907423654076
linear_unreg,3,3.5827371473712226
linear_unreg,4,3.744329305437388
linear_unreg,5,3.6532615144242575
linear_L1reg,1,3.691133624956511
linear_L1reg,2,3.623658076744816
linear_L1reg,3,3.582911626026686
linear_L1reg,4,3.7437281542724063
linear_L1reg,5,3.6156103470160006
mmit,1,6.085844230553546
mmit,2,3.76743402797636
mmit,3,3.609969277840898
mmit,4,3.7064540414114897
mmit,5,3.683793628630157
