method,fold,loss
linear_unreg,1,3.09762349010662
linear_unreg,2,3.136985488417616
linear_unreg,3,2.844980834808259
linear_unreg,4,3.2729029440197346
linear_unreg,5,3.3140014260848107
linear_L1reg,1,3.0967276212850265
linear_L1reg,2,3.136221433568922
linear_L1reg,3,2.8431727416214185
linear_L1reg,4,3.274158371059265
linear_L1reg,5,3.3130438986024062
mmit,1,3.22903434603399
mmit,2,3.2903941182535177
mmit,3,2.9634492208844065
mmit,4,3.5093785121635577
mmit,5,3.3088815633104764
