method,fold,loss
linear,1,0.02157283775614413
linear,2,0.021281377077710665
linear,3,0.020894069642634915
linear,4,0.029462560272775214
linear,5,0.020377289555966568
