method,fold,loss
constant,1,0.0126246182203626
constant,2,0.012107634330039
constant,3,0.0248189153579017
constant,4,0.0233742442756015
constant,5,0.0144729178305043
linear,1,0.005826951376838552
linear,2,0.004602611608828617
linear,3,0.010345146792476742
linear,4,0.007721639160515149
linear,5,0.005272668523143519
