method,fold,loss
linear,1,0.01520581822872094
linear,2,0.002027501581522739
linear,3,0.004582269240070813
linear,4,0.007927087196076307
linear,5,0.01709279222594098
