method,fold,loss
linear_unreg,1,2.998193240311504
linear_unreg,2,2.6143207601020158
linear_unreg,3,2.9272433905118227
linear_unreg,4,2.70664556049047
linear_unreg,5,3.277972574658676
linear_L1reg,1,2.9922689795680872
linear_L1reg,2,2.613934841897287
linear_L1reg,3,2.922270104011104
linear_L1reg,4,2.7004836305968887
linear_L1reg,5,3.277972574658676
mmit,1,3.1393324199324155
mmit,2,2.455198788187914
mmit,3,3.094520877208914
mmit,4,2.7235405499683814
mmit,5,3.5376140163997625
