method,fold,loss
constant,1,0.0131155721679992
constant,2,0.0027507760403139
constant,3,0.0035256053257411
constant,4,0.001285161279159
constant,5,0.0132534869265327
linear,1,0.00025883406759252456
linear,2,8.33705189642581e-05
linear,3,0.00045813446345203246
linear,4,0.00045787837071693745
linear,5,0.0011846010122680052
