method,fold,loss
constant,1,0.0200510730660913
constant,2,0.0080876610909599
constant,3,0.0086326101767172
constant,4,0.0123494085040236
constant,5,0.0127707886678595
linear,1,0.00035996235487441736
linear,2,0.0002852292616845514
linear,3,0.0005826729124113557
linear,4,0.0003013541106535262
linear,5,0.00013257635581960322
