method,fold,loss
linear_unreg,1,3.2998192547940275
linear_unreg,2,3.447694606089832
linear_unreg,3,3.5333519293321585
linear_unreg,4,3.347872236247088
linear_unreg,5,3.229180516569404
linear_L1reg,1,3.3003107388117323
linear_L1reg,2,3.4476926458086226
linear_L1reg,3,3.533572014554431
linear_L1reg,4,3.3476541186855067
linear_L1reg,5,3.227439778840977
mmit,1,3.4001684419858096
mmit,2,3.652074888051673
mmit,3,3.5441689640926954
mmit,4,3.544847761873923
mmit,5,3.259749915830352
