method,fold,loss
linear,1,0.03785287145798564
linear,2,0.023689427049800163
linear,3,0.024027682111741673
linear,4,0.03316934940975133
linear,5,0.030852644852938677
