method,fold,loss
constant,1,0.009822873713261
constant,2,0.0182308230333608
constant,3,0.0063478961838763
constant,4,0.0126012114968697
constant,5,0.0044124982837176
linear,1,0.01069450798638785
linear,2,0.018197286858543674
linear,3,0.0063467383481585525
linear,4,0.012596472974182127
linear,5,0.004598801118340523
