method,fold,loss
linear,1,0.01006344076826858
linear,2,0.01822494189842505
linear,3,0.0064624887480791045
linear,4,0.01250075772561398
linear,5,0.005731930913089144
