method,fold,loss
linear_unreg,1,3.431119855941779
linear_unreg,2,3.1506192099073047
linear_unreg,3,3.3801718918127888
linear_unreg,4,3.369120795429612
linear_unreg,5,3.132642616130205
linear_L1reg,1,3.430160501170887
linear_L1reg,2,3.1513537020409417
linear_L1reg,3,3.37992226473435
linear_L1reg,4,3.3673465841174157
linear_L1reg,5,3.132065765010917
mmit,1,3.5237168857593244
mmit,2,3.2607591206560342
mmit,3,3.5224409914889145
mmit,4,3.517277274410584
mmit,5,3.2695371203167847
