method,fold,loss
linear_unreg,1,3.1448573391363155
linear_unreg,2,3.059315910932685
linear_unreg,3,3.003454630775279
linear_unreg,4,3.08186030747539
linear_unreg,5,3.091511097766233
linear_L1reg,1,3.144561800655556
linear_L1reg,2,3.058923710361832
linear_L1reg,3,3.0032385403710995
linear_L1reg,4,3.0817480824367296
linear_L1reg,5,3.091394200367974
mmit,1,3.3739469160440185
mmit,2,3.043733665771442
mmit,3,3.141839714836722
mmit,4,3.17142087241266
mmit,5,3.214006008167579
