method,fold,loss
linear,1,0.010450134490289403
linear,2,0.006877254106336197
linear,3,0.01356456317480708
linear,4,0.008448319586168396
linear,5,0.009702145257614696
