method,fold,loss
constant,1,0.0046270938836434
constant,2,0.0027316436261204
constant,3,0.005343774540055
constant,4,0.0034452920080518
constant,5,0.0034088776617091
linear,1,0.00034453362662836937
linear,2,0.00029907322225956076
linear,3,0.0007964931590179666
linear,4,0.0009715558227275249
linear,5,0.0005268484948308742
