method,fold,loss
constant,1,0.0019515039576028
constant,2,0.001344750771242
constant,3,0.0034667999386852
constant,4,0.0001462593493052
constant,5,0.0053752186725512
linear,1,0.0002924754684202665
linear,2,0.000596812808245262
linear,3,0.0014445771014862307
linear,4,0.0002742927835343013
linear,5,0.0017174542486192942
