method,fold,loss
linear,1,0.002515593328774274
linear,2,0.0023838293525341044
linear,3,0.004999552144501514
linear,4,0.0010189480753879702
linear,5,0.006859301759304088
