method,fold,loss
linear_unreg,1,2.745112090620095
linear_unreg,2,2.8346841093438955
linear_unreg,3,3.011803329448599
linear_unreg,4,2.658749942367721
linear_unreg,5,2.902637788669165
linear_L1reg,1,2.7451251394502525
linear_L1reg,2,2.832943235153708
linear_L1reg,3,3.0118033294486
linear_L1reg,4,2.656782583130876
linear_L1reg,5,2.9023628177193457
mmit,1,2.8270489305935347
mmit,2,2.959506357498123
mmit,3,3.0317819345209625
mmit,4,2.805417263552646
mmit,5,2.954910864053604
