method,fold,loss
constant,1,0.0019515039576028
constant,2,0.001344750771242
constant,3,0.0034667999386852
constant,4,0.0001462593493052
constant,5,0.0053752186725512
linear,1,0.0002924754684202
linear,2,0.0005968128082452
linear,3,0.0014445771014862
linear,4,0.0002742927835343
linear,5,0.0017174542486192
knn,1,0.000621966292279
knn,2,0.0021345434204205
knn,3,0.0017722194572378
knn,4,0.0003973346348828
knn,5,0.0027162201058391
