method,fold,loss
linear_unreg,1,6.194774418838169
linear_unreg,2,46.87334772809864
linear_unreg,3,15.493102660166658
linear_unreg,4,1119.102602278591
linear_unreg,5,23.36449814124475
linear_L1reg,1,1.4612622062190237
linear_L1reg,2,1.982521643911294
linear_L1reg,3,0.8793705898896114
linear_L1reg,4,473.2222808966159
linear_L1reg,5,1.7341113348535138
mmit,1,3.5469818553097805
mmit,2,4.088250959030353
mmit,3,2.051375664562803
mmit,4,4.377244800759792
mmit,5,4.880887643003243
