method,fold,loss
linear,1,0.0830692775584118
linear,2,0.22314920115726977
linear,3,0.012470403119573694
linear,4,0.5411355790231915
linear,5,0.01301646841298808
