method,fold,loss
linear_unreg,1,75.56989179470852
linear_unreg,2,38.10079617988816
linear_unreg,3,322.44108299378115
linear_unreg,4,857.3424566856917
linear_unreg,5,203.8665558364832
linear_L1reg,1,0.8769954505654547
linear_L1reg,2,1.6986757514930366
linear_L1reg,3,0.6903480090514117
linear_L1reg,4,2.5854243878661616
linear_L1reg,5,0.3424239398193424
mmit,1,3.595050592924525
mmit,2,3.035116502754785
mmit,3,1.704224239709205
mmit,4,2.8271358344909947
mmit,5,1.0883066000075006
