method,fold,loss
constant,1,0.159457108387191
constant,2,0.394208855759166
constant,3,0.1107098972117481
constant,4,0.2511195724376026
constant,5,0.2048776136060247
linear,1,0.22840268855050697
linear,2,0.37729692836610684
linear,3,0.11492398278415507
linear,4,0.2512588783234036
linear,5,0.6638225938640833
