method,fold,loss
constant,1,0.0646454576060317
constant,2,0.19265962750696
constant,3,0.0143949714732061
constant,4,0.4657877533758802
constant,5,0.0
linear,1,0.0157116194631306
linear,2,0.1077111320518483
linear,3,0.0073578267589953
linear,4,0.4777108412484679
linear,5,0.0
knn,1,0.0
knn,2,0.9247928469797818
knn,3,0.218120126496193
knn,4,0.4219399067823527
knn,5,0.0
