method,fold,loss
constant,1,0.0646454576060317
constant,2,0.19265962750696
constant,3,0.0143949714732061
constant,4,0.4657877533758802
constant,5,0.0
linear,1,0.01571161946313069
linear,2,0.10771113205184832
linear,3,0.0073578267589953
linear,4,0.47771084124846797
linear,5,0.0
