method,fold,loss
linear,1,0.1646646475054102
linear,2,0.38819484037874197
linear,3,0.1459798630351945
linear,4,453.0355824841088
linear,5,0.27194122760164974
