method,fold,loss
linear,1,0.004364737006835898
linear,2,0.012731016789196206
linear,3,0.00940599282427235
linear,4,0.0045755117940888285
linear,5,0.007999526777019681
