method,fold,loss
constant,1,0.0018392332717243
constant,2,0.0059212817015203
constant,3,0.0029763295999749
constant,4,0.0015680116143545
constant,5,0.0049521217645997
linear,1,9.171952206985239e-05
linear,2,0.0005149476129260624
linear,3,0.0006295004991560713
linear,4,0.00011696857140001328
linear,5,0.00025073496283937075
