method,fold,loss
linear_unreg,1,3.672836154534828
linear_unreg,2,3.5872870897349154
linear_unreg,3,3.570756079366024
linear_unreg,4,3.7224230549425497
linear_unreg,5,3.607439007669187
linear_L1reg,1,3.673447278685366
linear_L1reg,2,3.587193155341714
linear_L1reg,3,3.5707916495101086
linear_L1reg,4,3.7224562580876586
linear_L1reg,5,3.607113925616997
mmit,1,3.6187604365506862
mmit,2,3.6594735447310014
mmit,3,3.5824177539825777
mmit,4,3.682797639349273
mmit,5,3.6646140178252176
