method,fold,loss
linear,1,0.000333899594894942
linear,2,0.0
linear,3,7.642464978146968e-08
linear,4,0.0005683168987820858
linear,5,8.29230539849763e-06
