method,fold,loss
constant,1,0.0003660552087991
constant,2,7.202179609006476e-06
constant,3,0.0
constant,4,0.0008246707499643
constant,5,0.0
linear,1,0.0005669369344093977
linear,2,0.0
linear,3,1.2831069851952394e-05
linear,4,0.000742083651043147
linear,5,0.0
