method,fold,loss
linear_unreg,1,2.3226524515765408
linear_unreg,2,2.2753127333183727
linear_unreg,3,2.041474453653306
linear_unreg,4,2.52563499445165
linear_unreg,5,2.333968198662916
linear_L1reg,1,2.321848207429916
linear_L1reg,2,2.276048513856993
linear_L1reg,3,2.0431730115013265
linear_L1reg,4,2.525202735672225
linear_L1reg,5,2.3340526453334074
mmit,1,2.3097388797809435
mmit,2,2.304726259056562
mmit,3,2.0043951315327524
mmit,4,2.494399561221574
mmit,5,2.319830321467604
