method,fold,loss
constant,1,0.0003660552087991
constant,2,7.202179609006476e-06
constant,3,0.0
constant,4,0.0008246707499643
constant,5,0.0
linear,1,0.0005669369344093
linear,2,0.0
linear,3,1.2831069851952394e-05
linear,4,0.0007420836510431
linear,5,0.0
knn,1,0.0012504937007376
knn,2,0.0001120251771248
knn,3,8.338091966749175e-06
knn,4,0.0007502253981727
knn,5,0.0004305936450556
mlp,1,0.00048771385026471467
mlp,2,0.0
mlp,3,1.1561531810893093e-05
mlp,4,0.0014172928268226927
mlp,5,0.0
