method,fold,loss
constant,1,0.0003660552087991
constant,2,7.202179609006476e-06
constant,3,0.0
constant,4,0.0008246707499643
constant,5,0.0
linear,1,0.0005669369344093
linear,2,0.0
linear,3,1.2831069851952394e-05
linear,4,0.0007420836510431
linear,5,0.0
mmit,1,0.0011616630872682
mmit,2,0.0009071862730602
mmit,3,0.0017146748070912
mmit,4,0.0029790674762991
mmit,5,2.102762243497241e-05
knn,1,0.001059396645505
knn,2,0.0006991414544771
knn,3,0.0
knn,4,0.000654226623846
knn,5,0.0005102015306841
