method,fold,loss
constant,1,0.0070437734543213
constant,2,5.0905816894208807e-05
constant,3,5.147118426703456e-05
constant,4,0.0003931862880656
constant,5,0.0039416036360502
linear,1,0.006566588634235727
linear,2,0.00016342049551025512
linear,3,9.757142730926644e-05
linear,4,0.00030640822382641745
linear,5,0.003550576729234892
