method,fold,loss
linear,1,0.006965697950874358
linear,2,3.701593898586178e-05
linear,3,1.2174373263888703e-05
linear,4,0.0003973109246833437
linear,5,0.00403160022221632
