method,fold,loss
linear_unreg,1,3.682789069374228
linear_unreg,2,3.930635879953985
linear_unreg,3,3.377329040683528
linear_unreg,4,3.86851379472381
linear_unreg,5,3.840513123684155
linear_L1reg,1,3.682322338687516
linear_L1reg,2,3.929694043621633
linear_L1reg,3,3.372175105201359
linear_L1reg,4,3.868399135231493
linear_L1reg,5,3.839723351327623
mmit,1,3.6631735946406776
mmit,2,3.9194656858220234
mmit,3,3.631074646568228
mmit,4,3.903916222058976
mmit,5,3.935610863227713
