method,fold,loss
linear,1,0.011195096132333698
linear,2,0.006336505764786131
linear,3,0.015262342564794192
linear,4,0.012476200532549643
linear,5,0.014204659243297618
