method,fold,loss
constant,1,0.006310684371269
constant,2,0.003929996830986
constant,3,0.0090742599467866
constant,4,0.0070140093971692
constant,5,0.0107596189015973
linear,1,0.004446300532178648
linear,2,0.0021751549315432274
linear,3,0.004813428349424626
linear,4,0.0038274476465260826
linear,5,0.005736595705440131
