method,fold,loss
linear_unreg,1,3.1856905377085254
linear_unreg,2,3.1867080856961945
linear_unreg,3,3.1377101949182475
linear_unreg,4,3.2181093872398225
linear_unreg,5,3.1562583012700536
linear_L1reg,1,3.185057237708058
linear_L1reg,2,3.1864543709055493
linear_L1reg,3,3.138181410353193
linear_L1reg,4,3.2170215899309538
linear_L1reg,5,3.155585868524774
mmit,1,3.286810354876648
mmit,2,3.2035187552721407
mmit,3,3.305791451572174
mmit,4,3.2498959272288506
mmit,5,3.231939867383264
