method,fold,loss
linear,1,0.016187273413971647
linear,2,0.018450084246465364
linear,3,0.01595835086138563
linear,4,0.02164622130885694
linear,5,0.022113552972270224
