method,fold,loss
constant,1,0.0107873332047707
constant,2,0.0132753956783703
constant,3,0.0076153170826434
constant,4,0.0171113242013235
constant,5,0.0168612290116855
linear,1,0.0046438565660420865
linear,2,0.004078891599653106
linear,3,0.004178320927719714
linear,4,0.005804601123698241
linear,5,0.009962398023002507
