method,fold,loss
linear_unreg,1,3.323037145062975
linear_unreg,2,3.00190950859518
linear_unreg,3,3.464570408144738
linear_unreg,4,3.2470782932080624
linear_unreg,5,3.375915069194936
linear_L1reg,1,3.3183896763800944
linear_L1reg,2,2.990295047774615
linear_L1reg,3,3.4636278283550754
linear_L1reg,4,3.235494945707542
linear_L1reg,5,3.372766108799778
mmit,1,3.358768954520399
mmit,2,3.2011604288931497
mmit,3,3.453968725293096
mmit,4,3.4612963706990225
mmit,5,3.446730649527453
