method,fold,loss
constant,1,0.0
constant,2,0.0
constant,3,0.0001626628936024
constant,4,8.761262240846166e-05
constant,5,0.0
linear,1,0.0
linear,2,0.0
linear,3,0.000128550113759
linear,4,9.276285925423656e-05
linear,5,0.0
mmit,1,0.0002690371944163
mmit,2,0.00010423890544
mmit,3,0.0002563162399409
mmit,4,2.46831291702542e-05
mmit,5,0.0006369468959436
knn,1,0.001519535672113309
knn,2,0.0018501427250823905
knn,3,0.0017978596494896215
knn,4,0.00032286456137951527
knn,5,0.0029610364500530662
