method,fold,loss
constant,1,0.0
constant,2,0.0
constant,3,0.0001626628936024
constant,4,8.761262240846166e-05
constant,5,0.0
linear,1,0.0
linear,2,0.0
linear,3,0.0001285501137590245
linear,4,9.276285925423655e-05
linear,5,0.0
