method,fold,loss
linear,1,0.0004179845976527941
linear,2,2.9790378195922778e-05
linear,3,0.0003785242157855416
linear,4,0.00013559263442675416
linear,5,0.00013676024438389367
