method,fold,loss
constant,1,0.0
constant,2,0.0
constant,3,0.0001626628936024
constant,4,8.761262240846166e-05
constant,5,0.0
linear,1,0.0
linear,2,0.0
linear,3,0.000128550113759
linear,4,9.276285925423656e-05
linear,5,0.0
knn,1,0.0016549122479873
knn,2,0.0020169895160176
knn,3,0.001582430350891
knn,4,6.847099532525887e-05
knn,5,0.0012273667666467
mlp,1,0.0
mlp,2,7.337445353142388e-05
mlp,3,7.216791361485974e-05
mlp,4,0.0001183235251028415
mlp,5,0.0
