method,fold,loss
linear_unreg,1,2.023933553748118
linear_unreg,2,2.048872024376589
linear_unreg,3,2.424996865539083
linear_unreg,4,2.0630535765381786
linear_unreg,5,2.451184927698945
linear_L1reg,1,2.020176443337792
linear_L1reg,2,2.0384634309767784
linear_L1reg,3,2.4361292430450385
linear_L1reg,4,2.047440847010681
linear_L1reg,5,2.451184927698945
mmit,1,2.111116623841915
mmit,2,2.077951288296744
mmit,3,2.4726761183765715
mmit,4,2.09404682459103
mmit,5,2.519799960524763
