method,fold,loss
constant,1,0.0114627047316165
constant,2,0.0104055459689394
constant,3,0.0073759749192407
constant,4,0.0098619253706048
constant,5,0.0065722942906365
linear,1,0.002422338545216552
linear,2,0.0015010310185190276
linear,3,0.0013494463386323526
linear,4,0.0027724736646104068
linear,5,0.001629112172511045
