method,fold,loss
linear,1,0.017419486531126783
linear,2,0.015387360169465443
linear,3,0.020996819843850316
linear,4,0.018573883316144416
linear,5,0.013946912956523805
