method,fold,loss
linear_unreg,1,3.546353462071792
linear_unreg,2,3.488871229477183
linear_unreg,3,3.496974757166897
linear_unreg,4,3.4593031246159582
linear_unreg,5,3.618794104639796
linear_L1reg,1,3.546262532003591
linear_L1reg,2,3.4883686948923582
linear_L1reg,3,3.496876706120704
linear_L1reg,4,3.4590440509485973
linear_L1reg,5,3.618700481657128
mmit,1,3.6701313643613447
mmit,2,3.5815076224646787
mmit,3,3.526403051662615
mmit,4,3.496415934742537
mmit,5,3.6329506557215576
