method,fold,loss
linear,1,0.00039209115000531455
linear,2,0.003634205934370981
linear,3,0.0005885429530855227
linear,4,0.009601268204122536
linear,5,0.007554772039293146
