method,fold,loss
linear_unreg,1,2.595094529758914
linear_unreg,2,2.4998261447520247
linear_unreg,3,2.609928955139106
linear_unreg,4,2.7151852430835635
linear_unreg,5,2.806542174163188
linear_L1reg,1,2.587136701872557
linear_L1reg,2,2.510066901065407
linear_L1reg,3,2.6033650151974355
linear_L1reg,4,2.70801369350809
linear_L1reg,5,2.8044000675862715
mmit,1,2.651420645181922
mmit,2,2.5662192259448866
mmit,3,2.699918823427566
mmit,4,2.7886113347413075
mmit,5,2.9283494803536487
