method,fold,loss
constant,1,0.0002349466389145
constant,2,0.0029910616746303
constant,3,0.0003983257394497
constant,4,0.0110429036378584
constant,5,0.0025894371774842
linear,1,0.0004134784217348072
linear,2,0.0014921129402546039
linear,3,0.00020014245012666348
linear,4,0.02108024990117573
linear,5,0.005223495356880797
