method,fold,loss
linear,1,5.7491229638216336e-05
linear,2,1.0731013205084698e-05
linear,3,5.549475977091359e-05
linear,4,8.945128138288781e-05
linear,5,7.609349334157943e-05
