method,fold,loss
linear_unreg,1,2.54788648592366
linear_unreg,2,2.435520491781124
linear_unreg,3,2.5790484471340998
linear_unreg,4,2.5816576503271587
linear_unreg,5,2.432177348160619
linear_L1reg,1,2.547688597058184
linear_L1reg,2,2.435501509031126
linear_L1reg,3,2.578943140205339
linear_L1reg,4,2.5817143693741262
linear_L1reg,5,2.4319485286223235
mmit,1,2.608668492990983
mmit,2,2.474322375775535
mmit,3,2.629776310807613
mmit,4,2.6459438929237526
mmit,5,2.506634221504267
