method,fold,loss
constant,1,5.3910202604179104e-05
constant,2,2.1316051762663e-05
constant,3,7.044762723585809e-05
constant,4,9.340164721289444e-05
constant,5,7.304502177883818e-05
linear,1,8.938352305827674e-05
linear,2,1.2395951528498964e-05
linear,3,5.5249049591773205e-05
linear,4,8.941240264391566e-05
linear,5,9.276242864118188e-05
knn,1,3.765848931384054e-05
knn,2,5.140755747345912e-05
knn,3,0.0003063324728026
knn,4,7.544671957213318e-05
knn,5,0.000195197647961
