method,fold,loss
linear_unreg,1,3.349932593739482
linear_unreg,2,3.400884621371449
linear_unreg,3,3.5061063464784
linear_unreg,4,3.675432747293466
linear_unreg,5,3.482729282298412
linear_L1reg,1,3.3496647041675813
linear_L1reg,2,3.3997541799257625
linear_L1reg,3,3.5065312893560643
linear_L1reg,4,3.675432747293466
linear_L1reg,5,3.482387105565521
mmit,1,3.404339385791362
mmit,2,3.4732096811586013
mmit,3,3.660487995643463
mmit,4,3.7962604693715374
mmit,5,3.64394822656027
