method,fold,loss
linear,1,0.03046210290152708
linear,2,0.019427214314325054
linear,3,0.02326388073705177
linear,4,0.0254781289417891
linear,5,0.022132659724222903
