method,fold,loss
constant,1,0.0162377040869747
constant,2,0.00715353591801
constant,3,0.0087294392544718
constant,4,0.0088015701210293
constant,5,0.0097480026412035
linear,1,0.0037930380104136555
linear,2,0.003757547600814687
linear,3,0.0010722449722002747
linear,4,0.0011798671759932018
linear,5,0.001120479784420681
