method,fold,loss
linear,1,0.1491953977929499
linear,2,0.09650825288497972
linear,3,0.10418290615836957
linear,4,0.18380628099259297
linear,5,0.14717281715388705
