method,fold,loss
linear_unreg,1,1.744115258829736
linear_unreg,2,1.475295056031145
linear_unreg,3,1.6950858251121936
linear_unreg,4,1.7875778182180015
linear_unreg,5,1.6051564360790267
linear_L1reg,1,1.6501194356392892
linear_L1reg,2,1.411518396228073
linear_L1reg,3,1.5901442741457534
linear_L1reg,4,1.6599897378168822
linear_L1reg,5,1.556204371528375
mmit,1,2.295924617777182
mmit,2,2.477946829957662
mmit,3,2.3379193332393013
mmit,4,2.5103126424874707
mmit,5,2.680460480493742
