method,fold,loss
linear,1,1.1173907614220573
linear,2,0.71582033522689
linear,3,0.9924891568470088
linear,4,1.1849245686376721
linear,5,1.2116378175195108
