method,fold,loss
linear_unreg,1,3.964666604414691
linear_unreg,2,3.764095906188352
linear_unreg,3,3.642721565481663
linear_unreg,4,3.972539544596492
linear_unreg,5,4.085424153038419
linear_L1reg,1,3.649129210650378
linear_L1reg,2,2.8867777134839114
linear_L1reg,3,3.358005200173657
linear_L1reg,4,3.646100872608388
linear_L1reg,5,3.617101325827395
mmit,1,5.856563769500926
mmit,2,4.998301144889256
mmit,3,5.6961231473795495
mmit,4,6.085578655528779
mmit,5,5.989306114856024
