method,fold,loss
constant,1,1.086827086652775
constant,2,0.71927604343895
constant,3,0.9851924464820752
constant,4,1.1838335546687495
constant,5,1.17750516235335
linear,1,1.0969701421919784
linear,2,0.7813362409704929
linear,3,0.9854504315452349
linear,4,1.1902799158760353
linear,5,1.204876016573723
