method,fold,loss
constant,1,0.1483319441164
constant,2,0.0940663587228499
constant,3,0.101066644935575
constant,4,0.181651541708925
constant,5,0.10916841413935
linear,1,0.14831161092713038
linear,2,0.09328761100020917
linear,3,0.10131812042573582
linear,4,0.18176020320274314
linear,5,0.1068123853215368
