method,fold,loss
linear,1,0.21582644101054388
linear,2,0.25015527289547734
linear,3,0.17417873934201927
linear,4,0.15323731977621435
linear,5,0.19148345241316697
