method,fold,loss
linear_unreg,1,1.6651689649262569
linear_unreg,2,1.9155950143501104
linear_unreg,3,1.6396293716553327
linear_unreg,4,1.4429797996810785
linear_unreg,5,1.7100419138992435
linear_L1reg,1,1.6009092984568305
linear_L1reg,2,1.8441454717838488
linear_L1reg,3,1.6005818945747157
linear_L1reg,4,1.3980070678975896
linear_L1reg,5,1.640618811138347
mmit,1,1.761879789859976
mmit,2,2.135909407374923
mmit,3,1.7520561931204546
mmit,4,1.466779254561842
mmit,5,1.736250356194288
