method,fold,loss
constant,1,0.0819434785286
constant,2,0.097807253498575
constant,3,0.0543554896842749
constant,4,0.0364762791922749
constant,5,0.073962806140125
linear,1,0.0034191370283326154
linear,2,0.002121938813775652
linear,3,0.000759525466419841
linear,4,0.00013591082682657868
linear,5,0.00010860036815176305
