method,fold,loss
linear,1,0.006757950484991183
linear,2,0.005219981780333419
linear,3,0.009145827587408197
linear,4,0.020020402214137038
linear,5,0.0326340374425447
