method,fold,loss
linear_unreg,1,3.051641736501987
linear_unreg,2,2.7096779317576654
linear_unreg,3,2.703205285589391
linear_unreg,4,3.1942635792626133
linear_unreg,5,4.349339658660391
linear_L1reg,1,3.048411222749488
linear_L1reg,2,2.713384341054157
linear_L1reg,3,2.704294065084968
linear_L1reg,4,3.194263579262613
linear_L1reg,5,3.106475383295926
mmit,1,3.053065350202347
mmit,2,2.6950861319778108
mmit,3,2.655534874968782
mmit,4,3.556370919310884
mmit,5,3.260481402552021
