method,fold,loss
constant,1,0.0039881250174403
constant,2,0.0027209799183992
constant,3,0.007304185023487
constant,4,0.0115229746246862
constant,5,0.008864995234301
linear,1,0.0013956487998355396
linear,2,0.0004352795421364316
linear,3,0.0010570865997014914
linear,4,0.00431273344602761
linear,5,0.002123072878836622
