method,fold,loss
linear_unreg,1,2.6745979502749586
linear_unreg,2,2.662260651422552
linear_unreg,3,2.66468019657718
linear_unreg,4,2.636614867889712
linear_unreg,5,2.7831148157804537
linear_L1reg,1,2.6745423211223853
linear_L1reg,2,2.662195540378507
linear_L1reg,3,2.6646477837198086
linear_L1reg,4,2.6365113683013868
linear_L1reg,5,2.7830839085148704
mmit,1,2.757412915576324
mmit,2,2.722062835413308
mmit,3,2.752527558560128
mmit,4,2.7100587495253734
mmit,5,2.8320263793991574
