method,fold,loss
constant,1,0.0005643830286901
constant,2,0.0002419397907539
constant,3,0.0004059837360659
constant,4,0.0001513378891751
constant,5,0.0003543140196165
linear,1,0.00011010343790878455
linear,2,5.154929328728558e-05
linear,3,0.00010698021170657687
linear,4,6.52112292594753e-05
linear,5,4.906945803885421e-05
