method,fold,loss
linear,1,0.0012707346963240994
linear,2,0.0009823075147705267
linear,3,0.001246466067119991
linear,4,0.0007451654881603231
linear,5,0.0011502067563924584
