method,fold,loss
linear,1,0.003446168240357127
linear,2,0.002002691989246549
linear,3,0.001299547242329612
linear,4,0.004820713854953988
linear,5,0.00505872181313928
