method,fold,loss
constant,1,0.0018019368949051
constant,2,0.0007523125524515
constant,3,0.0007839567146379
constant,4,0.0037033030530523
constant,5,0.004984873922753
linear,1,0.0011065652888254
linear,2,0.0003369429212364
linear,3,0.0004527383051407
linear,4,0.0034601798137025
linear,5,0.0044666692493805
knn,1,0.0011055204562894
knn,2,0.0002160384917413
knn,3,0.0003437039747178
knn,4,0.0033472276901848
knn,5,0.0046065774007758
