method,fold,loss
linear_unreg,1,3.749832181800034
linear_unreg,2,3.5949592999593567
linear_unreg,3,3.628600029764506
linear_unreg,4,3.5891605628459784
linear_unreg,5,3.6182636727853614
linear_L1reg,1,3.749801679221129
linear_L1reg,2,3.594647891312712
linear_L1reg,3,3.628254642460752
linear_L1reg,4,3.5888006352302786
linear_L1reg,5,3.6178819376735016
mmit,1,3.8065763598177034
mmit,2,3.669802889566095
mmit,3,3.727711153193869
mmit,4,3.769565728126206
mmit,5,3.778087741195287
