method,fold,loss
constant,1,0.0018019368949051
constant,2,0.0007523125524515
constant,3,0.0007839567146379
constant,4,0.0037033030530523
constant,5,0.004984873922753
linear,1,0.0011065652888254522
linear,2,0.00033694292123648707
linear,3,0.00045273830514073836
linear,4,0.0034601798137025444
linear,5,0.004466669249380526
