method,fold,loss
linear,1,0.0024070814979385425
linear,2,0.0016816746283439903
linear,3,0.0083135494704726
linear,4,0.008168625782349063
linear,5,0.008424206510107725
