method,fold,loss
linear_unreg,1,2.807389467610167
linear_unreg,2,2.637466341692085
linear_unreg,3,3.0303689932925244
linear_unreg,4,2.671764393338424
linear_unreg,5,2.7496575132009617
linear_L1reg,1,2.805256086649684
linear_L1reg,2,2.639143141099539
linear_L1reg,3,3.0303689932925244
linear_L1reg,4,2.6690609740330578
linear_L1reg,5,2.744536687958941
mmit,1,3.06566869642284
mmit,2,3.094937438858598
mmit,3,3.1923956637653537
mmit,4,2.808215616768882
mmit,5,3.23795711682419
