method,fold,loss
constant,1,0.0026152184825562
constant,2,0.0020627743977286
constant,3,0.0056042578508638
constant,4,0.0067960326629544
constant,5,0.0058864310026211
linear,1,0.004957269752188803
linear,2,0.000962244985628136
linear,3,0.005752666582245648
linear,4,0.0070466037104477035
linear,5,0.005821215009364177
