method,fold,loss
linear_unreg,1,3.579582689237708
linear_unreg,2,3.514933690239732
linear_unreg,3,3.7264098015719314
linear_unreg,4,3.72716742089309
linear_unreg,5,3.4219982594831797
linear_L1reg,1,3.579233555975925
linear_L1reg,2,3.5146466746535503
linear_L1reg,3,3.72664397015057
linear_L1reg,4,3.726812970032231
linear_L1reg,5,3.419814626105011
mmit,1,6.987403308535881
mmit,2,3.631227194342122
mmit,3,4.566675053896672
mmit,4,3.7917223985310864
mmit,5,3.634517260252578
