method,fold,loss
linear,1,0.0028315845453696195
linear,2,0.009847924125246505
linear,3,0.0027945311729354687
linear,4,0.006415658093778697
linear,5,0.014216693702046345
