method,fold,loss
constant,1,0.0017627214842785
constant,2,0.0081553378295286
constant,3,0.0021795207703982
constant,4,0.0032693127010327
constant,5,0.0138229931696104
linear,1,0.0012347805001790535
linear,2,0.006939668043004661
linear,3,0.00252455199624327
linear,4,0.001418986234527357
linear,5,0.011831042224294808
