method,fold,loss
constant,1,0.0002596499047432
constant,2,7.793404226080213e-05
constant,3,0.0085016294148374
constant,4,0.0177101147575756
constant,5,0.0001591045333261
linear,1,0.0014796253805595767
linear,2,0.0
linear,3,0.0006290778069255547
linear,4,0.004295445422171032
linear,5,0.0005368342406675275
