method,fold,loss
linear,1,0.0029822450195139344
linear,2,0.0008469693566435332
linear,3,0.003661742437020708
linear,4,0.014033745333593216
linear,5,0.005259138157955867
