method,fold,loss
linear_unreg,1,2.982702602243205
linear_unreg,2,2.539972041073842
linear_unreg,3,2.2923631984879456
linear_unreg,4,2.8870388441240835
linear_unreg,5,2.1177613726179896
linear_L1reg,1,2.982702602243205
linear_L1reg,2,2.540094523449276
linear_L1reg,3,2.288590065887166
linear_L1reg,4,2.8870388441240835
linear_L1reg,5,2.1172861814647246
mmit,1,2.982702602243205
mmit,2,2.4601524310897798
mmit,3,2.3408008836633383
mmit,4,3.114351994323169
mmit,5,3.2023669373338173
