method,fold,loss
linear_unreg,1,3.170865071970156
linear_unreg,2,3.3696697292577102
linear_unreg,3,3.350192799155408
linear_unreg,4,3.185517279409802
linear_unreg,5,3.0810317114913564
linear_L1reg,1,3.1684632226696228
linear_L1reg,2,3.367979031092091
linear_L1reg,3,3.348890301809793
linear_L1reg,4,3.1830449831338776
linear_L1reg,5,3.079602304349157
mmit,1,5.76275873722957
mmit,2,3.395642917530377
mmit,3,3.390752319636297
mmit,4,3.204910499587304
mmit,5,3.1283628185000403
