method,fold,loss
linear,1,0.018868908111986243
linear,2,0.017961329129920395
linear,3,0.02032520282629849
linear,4,0.014233862204236367
linear,5,0.01324061820355555
