method,fold,loss
constant,1,0.0146746490807176
constant,2,0.0161588938000641
constant,3,0.016079540138395
constant,4,0.0123521050884205
constant,5,0.0125139964586053
linear,1,0.01346338498020832
linear,2,0.0132993693432905
linear,3,0.013864200830088404
linear,4,0.01150758805736156
linear,5,0.012497223495511602
