Feature,Mean Importance,Lower Bound,Upper Bound
X0,0.011623836445391118,0.004957178383084796,0.018290494507697437
X5,0.011861082849799474,0.00556176730717709,0.01816039839242186
X2,0.02911464456423339,0.02031414807212806,0.037915141056338725
X1,0.041034234890471324,0.02686192326732666,0.05520654651361599
X4,0.046809072260345405,0.030212541362453674,0.06340560315823715
X3,0.04752800188652271,0.01821136651877516,0.07684463725427026
X7,0.2763017697157071,0.21335418441601345,0.33924935501540077
X6,0.5357273573875294,0.46548209838567595,0.605972616389383
