Feature,Mean Importance,Lower Bound,Upper Bound
X5,0.006575213913244287,0.002607386552584603,0.010543041273903972
X0,0.006661979529736593,0.0021510825311030156,0.011172876528370172
X2,0.03024341129411231,0.011930642917032497,0.04855617967119212
X4,0.03508727728335725,0.0210462865166378,0.049128268050076696
X3,0.0532203996920568,0.026154994966836174,0.08028580441727742
X1,0.05759855420690434,0.03493599889396751,0.08026110951984117
X7,0.29165904707725276,0.23075959940357632,0.35255849475092915
X6,0.5189541170033357,0.4514196974708945,0.5864885365357769
