Feature,Mean Importance,Lower Bound,Upper Bound
X0,0.0069670303920432025,0.003417575059340678,0.010516485724745728
X5,0.007090965110209232,0.004365262878907922,0.00981666734151054
X2,0.022721884856723343,0.014566601593103155,0.030877168120343537
X4,0.04651003939749478,0.026656874958468232,0.06636320383652133
X1,0.06851525194294,0.04053294862816312,0.0964975552577169
X3,0.07288322072011157,0.041392291593520376,0.10437414984670276
X7,0.30476905970461554,0.2537953826618972,0.3557427367473338
X6,0.47054254787586236,0.4206021959884953,0.5204828997632295
