Feature,Mean Importance,Lower Bound,Upper Bound
X0,0.011219374605469953,0.006387791398381545,0.01605095781255836
X5,0.011324932375346836,0.007028440572508239,0.015621424178185433
X2,0.029075876326153723,0.017982781874666304,0.040168970777641144
X4,0.037295749390401325,0.023778311094562986,0.050813187686239665
X3,0.05764389247413382,0.030174358057503983,0.08511342689076365
X1,0.06555605969417819,0.044344401772105156,0.08676771761625122
X7,0.29616625221640824,0.2460761889838367,0.34625631544897983
X6,0.49171786291790787,0.44909830675045637,0.5343374190853594
